{
  "admins": [
    "6557638908"
  ],
  "authorized": [
    "6557638908",
    "8078791624"
  ],
  "auth_expire": {
    "6557638908": 1755101576.6633584,
    "8078791624": 1752679849.1671524
  }
}